xnat:subjectassessordata/id,ID,project,date,xsiType,label,insert_date,URI
SNIPR01_E00001,SNIPR01_E00001,COLI,2021-03-09,xnat:ctSessionData,COLI_HM25_CT_1,2022-12-12 08:10:40.964,/data/experiments/SNIPR01_E00001
SNIPR01_E00002,SNIPR01_E00002,COLI,2021-03-10,xnat:ctSessionData,COLI_HM25_CT_2,2022-12-12 08:11:07.976,/data/experiments/SNIPR01_E00002
SNIPR01_E00003,SNIPR01_E00003,COLI,2021-03-19,xnat:ctSessionData,COLI_HM26_CT_1,2022-12-12 08:54:57.99,/data/experiments/SNIPR01_E00003
SNIPR01_E00004,SNIPR01_E00004,COLI,2021-03-19,xnat:ctSessionData,COLI_HM26_CT_2,2022-12-12 08:55:32.919,/data/experiments/SNIPR01_E00004
SNIPR01_E00005,SNIPR01_E00005,COLI,2021-03-18,xnat:ctSessionData,COLI_HM27_CT_1,2022-12-12 09:47:16.887,/data/experiments/SNIPR01_E00005
SNIPR01_E00006,SNIPR01_E00006,COLI,2021-03-19,xnat:ctSessionData,COLI_HM27_CT_2,2022-12-12 09:47:40.149,/data/experiments/SNIPR01_E00006
SNIPR01_E00007,SNIPR01_E00007,COLI,2021-03-24,xnat:ctSessionData,COLI_HM29_CT_2,2022-12-12 10:05:45.946,/data/experiments/SNIPR01_E00007
SNIPR01_E00008,SNIPR01_E00008,COLI,2021-03-25,xnat:ctSessionData,COLI_HM29_CT_1,2022-12-12 10:06:29.727,/data/experiments/SNIPR01_E00008
SNIPR01_E00009,SNIPR01_E00009,COLI,2021-04-02,xnat:ctSessionData,COLI_HM31_CT_1,2022-12-12 10:28:41.492,/data/experiments/SNIPR01_E00009
SNIPR01_E00010,SNIPR01_E00010,COLI,2021-04-01,xnat:ctSessionData,COLI_HM31_CT_2,2022-12-12 10:29:09.889,/data/experiments/SNIPR01_E00010
SNIPR01_E00011,SNIPR01_E00011,COLI,2021-04-11,xnat:ctSessionData,COLI_HM32_CT_1,2022-12-12 10:41:06.171,/data/experiments/SNIPR01_E00011
SNIPR01_E00012,SNIPR01_E00012,COLI,2021-04-07,xnat:ctSessionData,COLI_HM32_CT_2,2022-12-12 10:41:31.673,/data/experiments/SNIPR01_E00012
SNIPR01_E00013,SNIPR01_E00013,COLI,2021-04-16,xnat:ctSessionData,COLI_HM33_CT_1,2022-12-12 10:59:04.669,/data/experiments/SNIPR01_E00013
SNIPR01_E00014,SNIPR01_E00014,COLI,2021-04-16,xnat:ctSessionData,COLI_HM33_CT_2,2022-12-12 10:59:41.581,/data/experiments/SNIPR01_E00014
SNIPR01_E00015,SNIPR01_E00015,COLI,2021-04-29,xnat:ctSessionData,COLI_HM36_CT_2,2022-12-12 11:29:54.541,/data/experiments/SNIPR01_E00015
SNIPR01_E00016,SNIPR01_E00016,COLI,2021-04-28,xnat:ctSessionData,COLI_HM36_CT_1,2022-12-12 11:31:08.855,/data/experiments/SNIPR01_E00016
SNIPR01_E00017,SNIPR01_E00017,COLI,2021-05-25,xnat:ctSessionData,COLI_HM39_CT_2,2022-12-12 11:43:17.183,/data/experiments/SNIPR01_E00017
SNIPR01_E00018,SNIPR01_E00018,COLI,2021-05-24,xnat:ctSessionData,COLI_HM39_CT_1,2022-12-12 11:43:28.102,/data/experiments/SNIPR01_E00018
SNIPR01_E00019,SNIPR01_E00019,COLI,2021-06-15,xnat:ctSessionData,COLI_HM40_CT_2,2022-12-12 12:06:26.369,/data/experiments/SNIPR01_E00019
SNIPR01_E00020,SNIPR01_E00020,COLI,2021-06-16,xnat:ctSessionData,COLI_HM40_CT_1,2022-12-12 12:07:13.395,/data/experiments/SNIPR01_E00020
SNIPR01_E00021,SNIPR01_E00021,COLI,2021-06-17,xnat:ctSessionData,COLI_HM41_CT_1,2022-12-12 12:18:15.93,/data/experiments/SNIPR01_E00021
SNIPR01_E00022,SNIPR01_E00022,COLI,2021-06-16,xnat:ctSessionData,COLI_HM41_CT_2,2022-12-12 12:18:25.823,/data/experiments/SNIPR01_E00022
SNIPR01_E00023,SNIPR01_E00023,COLI,2021-06-26,xnat:ctSessionData,COLI_HM42_CT_2,2022-12-12 12:34:48.238,/data/experiments/SNIPR01_E00023
SNIPR01_E00024,SNIPR01_E00024,COLI,2021-06-26,xnat:ctSessionData,COLI_HM42_CT_1,2022-12-12 12:35:29.513,/data/experiments/SNIPR01_E00024
SNIPR01_E00025,SNIPR01_E00025,COLI,2021-08-11,xnat:ctSessionData,COLI_HM43_CT_2,2022-12-12 13:03:59.962,/data/experiments/SNIPR01_E00025
SNIPR01_E00026,SNIPR01_E00026,COLI,2021-08-12,xnat:ctSessionData,COLI_HM43_CT_1,2022-12-12 13:04:43.293,/data/experiments/SNIPR01_E00026
SNIPR01_E00027,SNIPR01_E00027,COLI,2021-08-13,xnat:ctSessionData,COLI_HM44_CT_2,2022-12-12 13:16:46.546,/data/experiments/SNIPR01_E00027
SNIPR01_E00028,SNIPR01_E00028,COLI,2021-08-14,xnat:ctSessionData,COLI_HM44_CT_1,2022-12-12 13:17:16.217,/data/experiments/SNIPR01_E00028
SNIPR01_E00029,SNIPR01_E00029,COLI,2021-09-24,xnat:ctSessionData,COLI_HM46_CT_1,2022-12-12 13:25:54.939,/data/experiments/SNIPR01_E00029
SNIPR01_E00030,SNIPR01_E00030,COLI,2021-09-24,xnat:ctSessionData,COLI_HM46_CT_2,2022-12-12 13:26:09.184,/data/experiments/SNIPR01_E00030
SNIPR01_E00031,SNIPR01_E00031,COLI,2021-10-17,xnat:ctSessionData,COLI_HM47_CT_1,2022-12-12 13:36:37.108,/data/experiments/SNIPR01_E00031
SNIPR01_E00032,SNIPR01_E00032,COLI,2021-10-16,xnat:ctSessionData,COLI_HM47_CT_2,2022-12-12 13:36:46.257,/data/experiments/SNIPR01_E00032
SNIPR01_E00033,SNIPR01_E00033,COLI,2021-10-30,xnat:ctSessionData,COLI_HM48_CT_1,2022-12-12 13:57:41.524,/data/experiments/SNIPR01_E00033
SNIPR01_E00034,SNIPR01_E00034,COLI,2021-10-29,xnat:ctSessionData,COLI_HM48_CT_2,2022-12-12 13:58:00.997,/data/experiments/SNIPR01_E00034
SNIPR01_E00035,SNIPR01_E00035,COLI,2021-11-11,xnat:ctSessionData,COLI_HM49_CT_2,2022-12-12 14:31:30.086,/data/experiments/SNIPR01_E00035
SNIPR01_E00036,SNIPR01_E00036,COLI,2021-11-10,xnat:ctSessionData,COLI_HM49_CT_1,2022-12-12 14:31:46.406,/data/experiments/SNIPR01_E00036
SNIPR01_E00037,SNIPR01_E00037,COLI,2021-11-25,xnat:ctSessionData,COLI_HM50_CT_2,2022-12-13 09:11:04.277,/data/experiments/SNIPR01_E00037
SNIPR01_E00038,SNIPR01_E00038,COLI,2021-11-24,xnat:ctSessionData,COLI_HM50_CT_1,2022-12-13 09:11:13.814,/data/experiments/SNIPR01_E00038
SNIPR01_E00039,SNIPR01_E00039,COLI,2021-12-04,xnat:ctSessionData,COLI_HM51_CT_1,2022-12-13 09:35:55.234,/data/experiments/SNIPR01_E00039
SNIPR01_E00040,SNIPR01_E00040,COLI,2021-12-03,xnat:ctSessionData,COLI_HM51_CT_2,2022-12-13 09:36:32.541,/data/experiments/SNIPR01_E00040
SNIPR01_E00041,SNIPR01_E00041,COLI,2021-12-07,xnat:ctSessionData,COLI_HM52_CT_1,2022-12-13 09:56:58.351,/data/experiments/SNIPR01_E00041
SNIPR01_E00042,SNIPR01_E00042,COLI,2021-12-06,xnat:ctSessionData,COLI_HM52_CT_2,2022-12-13 09:57:02.302,/data/experiments/SNIPR01_E00042
SNIPR01_E00043,SNIPR01_E00043,COLI,2022-01-17,xnat:ctSessionData,COLI_HM55_CT_1,2022-12-13 10:10:19.657,/data/experiments/SNIPR01_E00043
SNIPR01_E00044,SNIPR01_E00044,COLI,2022-01-16,xnat:ctSessionData,COLI_HM55_CT_2,2022-12-13 10:10:25.553,/data/experiments/SNIPR01_E00044
SNIPR01_E00047,SNIPR01_E00047,COLI,2022-01-24,xnat:ctSessionData,COLI_HM56_CT_1,2022-12-13 10:26:14.42,/data/experiments/SNIPR01_E00047
SNIPR01_E00048,SNIPR01_E00048,COLI,2022-01-22,xnat:ctSessionData,COLI_HM56_CT_2,2022-12-13 10:26:26.1,/data/experiments/SNIPR01_E00048
SNIPR01_E00050,SNIPR01_E00050,COLI,2020-01-30,xnat:ctSessionData,COLI_HSP03_CT_2,2022-12-13 13:18:54.907,/data/experiments/SNIPR01_E00050
SNIPR01_E00051,SNIPR01_E00051,COLI,2020-01-29,xnat:ctSessionData,COLI_HSP03_CT_1,2022-12-13 13:19:21.311,/data/experiments/SNIPR01_E00051
SNIPR01_E00053,SNIPR01_E00053,COLI,2020-02-06,xnat:ctSessionData,COLI_HSP04_CT_2,2022-12-15 10:16:35.168,/data/experiments/SNIPR01_E00053
SNIPR01_E00054,SNIPR01_E00054,COLI,2020-02-05,xnat:ctSessionData,COLI_HSP04_CT_1,2022-12-15 10:18:09.599,/data/experiments/SNIPR01_E00054
SNIPR01_E00055,SNIPR01_E00055,COLI,2020-02-07,xnat:ctSessionData,COLI_HSP05_CT_2,2022-12-15 10:23:12.376,/data/experiments/SNIPR01_E00055
SNIPR01_E00056,SNIPR01_E00056,COLI,2020-02-06,xnat:ctSessionData,COLI_HSP05_CT_1,2022-12-15 10:23:36.969,/data/experiments/SNIPR01_E00056
SNIPR01_E00057,SNIPR01_E00057,COLI,2020-02-09,xnat:ctSessionData,COLI_HSP06_CT_2,2022-12-15 10:28:46.281,/data/experiments/SNIPR01_E00057
SNIPR01_E00058,SNIPR01_E00058,COLI,2020-02-08,xnat:ctSessionData,COLI_HSP06_CT_1,2022-12-15 10:28:48.746,/data/experiments/SNIPR01_E00058
SNIPR01_E00059,SNIPR01_E00059,COLI,2020-02-15,xnat:ctSessionData,COLI_HSP08_CT_2,2022-12-15 10:31:52.862,/data/experiments/SNIPR01_E00059
SNIPR01_E00060,SNIPR01_E00060,COLI,2020-02-14,xnat:ctSessionData,COLI_HSP08_CT_1,2022-12-15 10:32:02.693,/data/experiments/SNIPR01_E00060
SNIPR01_E00061,SNIPR01_E00061,COLI,2020-02-16,xnat:ctSessionData,COLI_HSP09_CT_2,2022-12-15 10:36:55.307,/data/experiments/SNIPR01_E00061
SNIPR01_E00062,SNIPR01_E00062,COLI,2020-02-15,xnat:ctSessionData,COLI_HSP09_CT_1,2022-12-15 10:36:56.938,/data/experiments/SNIPR01_E00062
SNIPR01_E00063,SNIPR01_E00063,COLI,2020-02-25,xnat:ctSessionData,COLI_HSP10_CT_2,2022-12-15 10:38:57.571,/data/experiments/SNIPR01_E00063
SNIPR01_E00064,SNIPR01_E00064,COLI,2020-02-24,xnat:ctSessionData,COLI_HSP10_CT_1,2022-12-15 10:39:26.923,/data/experiments/SNIPR01_E00064
SNIPR01_E00065,SNIPR01_E00065,COLI,2020-02-24,xnat:ctSessionData,COLI_HSP11_CT_2,2022-12-15 10:48:55.628,/data/experiments/SNIPR01_E00065
SNIPR01_E00066,SNIPR01_E00066,COLI,2020-02-24,xnat:ctSessionData,COLI_HSP11_CT_1,2022-12-15 10:51:34.919,/data/experiments/SNIPR01_E00066
SNIPR01_E00067,SNIPR01_E00067,COLI,2020-02-28,xnat:ctSessionData,COLI_HSP12_CT_2,2022-12-15 10:52:35.598,/data/experiments/SNIPR01_E00067
SNIPR01_E00068,SNIPR01_E00068,COLI,2020-02-27,xnat:xaSessionData,COLI_HSP12_XA_1,2022-12-15 10:53:03.101,/data/experiments/SNIPR01_E00068
SNIPR01_E00069,SNIPR01_E00069,COLI,2020-02-27,xnat:ctSessionData,COLI_HSP12_CT_1,2022-12-15 10:53:42.652,/data/experiments/SNIPR01_E00069
SNIPR01_E00070,SNIPR01_E00070,COLI,2020-03-08,xnat:ctSessionData,COLI_HSP15_CT_2,2022-12-15 10:54:21.103,/data/experiments/SNIPR01_E00070
SNIPR01_E00071,SNIPR01_E00071,COLI,2020-03-07,xnat:ctSessionData,COLI_HSP15_CT_1,2022-12-15 10:55:18.011,/data/experiments/SNIPR01_E00071
SNIPR01_E00072,SNIPR01_E00072,COLI,2020-03-06,xnat:ctSessionData,COLI_HSP16_CT_1,2022-12-15 10:55:51.468,/data/experiments/SNIPR01_E00072
SNIPR01_E00073,SNIPR01_E00073,COLI,2020-03-07,xnat:ctSessionData,COLI_HSP16_CT_2,2022-12-15 10:56:04.407,/data/experiments/SNIPR01_E00073
SNIPR01_E00074,SNIPR01_E00074,COLI,2020-03-10,xnat:ctSessionData,COLI_HSP17_CT_2,2022-12-15 10:58:37.296,/data/experiments/SNIPR01_E00074
SNIPR01_E00075,SNIPR01_E00075,COLI,2020-03-09,xnat:ctSessionData,COLI_HSP17_CT_1,2022-12-15 10:58:48.491,/data/experiments/SNIPR01_E00075
SNIPR01_E00076,SNIPR01_E00076,COLI,2020-03-11,xnat:ctSessionData,COLI_HSP18_CT_2,2022-12-15 11:02:25.657,/data/experiments/SNIPR01_E00076
SNIPR01_E00077,SNIPR01_E00077,COLI,2020-03-10,xnat:ctSessionData,COLI_HSP18_CT_1,2022-12-15 11:02:52.451,/data/experiments/SNIPR01_E00077
SNIPR01_E00078,SNIPR01_E00078,COLI,2020-03-10,xnat:ctSessionData,COLI_HSP19_CT_2,2022-12-15 11:05:21.0,/data/experiments/SNIPR01_E00078
SNIPR01_E00079,SNIPR01_E00079,COLI,2020-03-09,xnat:ctSessionData,COLI_HSP19_CT_1,2022-12-15 11:06:04.311,/data/experiments/SNIPR01_E00079
SNIPR01_E00080,SNIPR01_E00080,COLI,2020-03-18,xnat:ctSessionData,COLI_HSP20_CT_2,2022-12-15 11:46:30.361,/data/experiments/SNIPR01_E00080
SNIPR01_E00081,SNIPR01_E00081,COLI,2020-03-17,xnat:ctSessionData,COLI_HSP20_CT_1,2022-12-15 11:46:47.683,/data/experiments/SNIPR01_E00081
SNIPR01_E00082,SNIPR01_E00082,COLI,2020-03-24,xnat:ctSessionData,COLI_HSP21_CT_2,2022-12-15 11:53:32.359,/data/experiments/SNIPR01_E00082
SNIPR01_E00083,SNIPR01_E00083,COLI,2020-03-22,xnat:ctSessionData,COLI_HSP21_CT_1,2022-12-15 11:53:57.877,/data/experiments/SNIPR01_E00083
SNIPR01_E00084,SNIPR01_E00084,COLI,2020-03-23,xnat:ctSessionData,COLI_HSP22_CT_2,2022-12-15 11:57:55.709,/data/experiments/SNIPR01_E00084
SNIPR01_E00085,SNIPR01_E00085,COLI,2020-03-22,xnat:ctSessionData,COLI_HSP22_CT_1,2022-12-15 11:58:03.436,/data/experiments/SNIPR01_E00085
SNIPR01_E00086,SNIPR01_E00086,COLI,2020-03-23,xnat:ctSessionData,COLI_HSP23_CT_2,2022-12-15 12:00:20.349,/data/experiments/SNIPR01_E00086
SNIPR01_E00087,SNIPR01_E00087,COLI,2020-03-22,xnat:ctSessionData,COLI_HSP23_CT_1,2022-12-15 12:00:23.23,/data/experiments/SNIPR01_E00087
SNIPR01_E00088,SNIPR01_E00088,COLI,2020-03-26,xnat:ctSessionData,COLI_HSP25_CT_1,2022-12-15 12:06:21.276,/data/experiments/SNIPR01_E00088
SNIPR01_E00089,SNIPR01_E00089,COLI,2020-03-30,xnat:ctSessionData,COLI_HSP25_CT_2,2022-12-15 12:06:22.614,/data/experiments/SNIPR01_E00089
SNIPR01_E00090,SNIPR01_E00090,COLI,2020-03-30,xnat:ctSessionData,COLI_HSP26_CT_2,2022-12-15 12:34:39.951,/data/experiments/SNIPR01_E00090
SNIPR01_E00091,SNIPR01_E00091,COLI,2020-03-29,xnat:ctSessionData,COLI_HSP26_CT_1,2022-12-15 12:35:12.166,/data/experiments/SNIPR01_E00091
SNIPR01_E00092,SNIPR01_E00092,COLI,2020-03-30,xnat:ctSessionData,COLI_HSP27_CT_2,2022-12-15 12:44:30.735,/data/experiments/SNIPR01_E00092
SNIPR01_E00093,SNIPR01_E00093,COLI,2020-03-29,xnat:ctSessionData,COLI_HSP27_CT_1,2022-12-15 12:44:42.437,/data/experiments/SNIPR01_E00093
SNIPR01_E00094,SNIPR01_E00094,COLI,2020-04-07,xnat:ctSessionData,COLI_HSP31_CT_1,2022-12-15 12:47:39.52,/data/experiments/SNIPR01_E00094
SNIPR01_E00095,SNIPR01_E00095,COLI,2020-04-11,xnat:ctSessionData,COLI_HSP32_CT_2,2022-12-15 12:55:50.674,/data/experiments/SNIPR01_E00095
SNIPR01_E00096,SNIPR01_E00096,COLI,2020-04-10,xnat:ctSessionData,COLI_HSP32_CT_1,2022-12-15 12:56:01.061,/data/experiments/SNIPR01_E00096
SNIPR01_E00097,SNIPR01_E00097,COLI,2020-04-16,xnat:ctSessionData,COLI_HSP33_CT_2,2022-12-15 12:59:14.818,/data/experiments/SNIPR01_E00097
SNIPR01_E00098,SNIPR01_E00098,COLI,2020-04-15,xnat:ctSessionData,COLI_HSP33_CT_1,2022-12-15 12:59:37.765,/data/experiments/SNIPR01_E00098
SNIPR01_E00099,SNIPR01_E00099,COLI,2020-04-22,xnat:ctSessionData,COLI_HSP35_CT_2,2022-12-15 13:01:58.676,/data/experiments/SNIPR01_E00099
SNIPR01_E00100,SNIPR01_E00100,COLI,2020-04-21,xnat:ctSessionData,COLI_HSP35_CT_1,2022-12-15 13:02:18.115,/data/experiments/SNIPR01_E00100
SNIPR01_E00101,SNIPR01_E00101,COLI,2020-04-25,xnat:ctSessionData,COLI_HSP36_CT_2,2022-12-15 13:21:25.04,/data/experiments/SNIPR01_E00101
SNIPR01_E00102,SNIPR01_E00102,COLI,2020-04-24,xnat:ctSessionData,COLI_HSP36_CT_1,2022-12-15 13:22:01.378,/data/experiments/SNIPR01_E00102
SNIPR01_E00103,SNIPR01_E00103,COLI,2020-04-26,xnat:ctSessionData,COLI_HSP37_CT_2,2022-12-15 13:25:21.207,/data/experiments/SNIPR01_E00103
SNIPR01_E00104,SNIPR01_E00104,COLI,2020-04-26,xnat:ctSessionData,COLI_HSP38_CT_2,2022-12-15 13:26:08.91,/data/experiments/SNIPR01_E00104
SNIPR01_E00105,SNIPR01_E00105,COLI,2020-04-25,xnat:ctSessionData,COLI_HSP37_CT_1,2022-12-15 13:26:54.265,/data/experiments/SNIPR01_E00105
SNIPR01_E00106,SNIPR01_E00106,COLI,2020-04-25,xnat:ctSessionData,COLI_HSP38_CT_1,2022-12-15 13:28:04.54,/data/experiments/SNIPR01_E00106
SNIPR01_E00107,SNIPR01_E00107,COLI,2020-05-26,xnat:ctSessionData,COLI_HSP40_CT_2,2022-12-15 13:35:12.711,/data/experiments/SNIPR01_E00107
SNIPR01_E00108,SNIPR01_E00108,COLI,2020-05-26,xnat:ctSessionData,COLI_HSP40_CT_1,2022-12-15 13:35:20.795,/data/experiments/SNIPR01_E00108
SNIPR01_E00109,SNIPR01_E00109,COLI,2020-05-26,xnat:ctSessionData,COLI_HSP41_CT_1,2022-12-15 13:38:23.157,/data/experiments/SNIPR01_E00109
SNIPR01_E00110,SNIPR01_E00110,COLI,2020-05-27,xnat:ctSessionData,COLI_HSP41_CT_2,2022-12-15 13:38:25.174,/data/experiments/SNIPR01_E00110
SNIPR01_E00111,SNIPR01_E00111,COLI,2020-06-03,xnat:ctSessionData,COLI_HSP42_CT_2,2022-12-15 13:43:54.305,/data/experiments/SNIPR01_E00111
SNIPR01_E00112,SNIPR01_E00112,COLI,2020-06-02,xnat:ctSessionData,COLI_HSP42_CT_1,2022-12-15 13:44:07.324,/data/experiments/SNIPR01_E00112
SNIPR01_E00113,SNIPR01_E00113,COLI,2020-06-15,xnat:ctSessionData,COLI_HSP43_CT_2,2022-12-15 13:46:48.098,/data/experiments/SNIPR01_E00113
SNIPR01_E00114,SNIPR01_E00114,COLI,2020-06-14,xnat:ctSessionData,COLI_HSP43_CT_1,2022-12-15 13:47:55.856,/data/experiments/SNIPR01_E00114
SNIPR01_E00115,SNIPR01_E00115,COLI,2020-06-26,xnat:ctSessionData,COLI_HSP45_CT_2,2022-12-15 13:49:52.796,/data/experiments/SNIPR01_E00115
SNIPR01_E00116,SNIPR01_E00116,COLI,2020-06-25,xnat:ctSessionData,COLI_HSP45_CT_1,2022-12-15 13:50:06.636,/data/experiments/SNIPR01_E00116
SNIPR01_E00117,SNIPR01_E00117,COLI,2020-07-03,xnat:ctSessionData,COLI_HSP47_CT_2,2022-12-15 13:52:05.44,/data/experiments/SNIPR01_E00117
SNIPR01_E00118,SNIPR01_E00118,COLI,2020-07-03,xnat:ctSessionData,COLI_HSP47_CT_1,2022-12-15 13:52:26.508,/data/experiments/SNIPR01_E00118
SNIPR01_E00119,SNIPR01_E00119,COLI,2020-07-04,xnat:ctSessionData,COLI_HSP48_CT_2,2022-12-15 13:53:59.952,/data/experiments/SNIPR01_E00119
SNIPR01_E00120,SNIPR01_E00120,COLI,2020-07-20,xnat:ctSessionData,COLI_HSP49_CT_1,2022-12-15 13:54:12.366,/data/experiments/SNIPR01_E00120
SNIPR01_E00121,SNIPR01_E00121,COLI,2020-07-04,xnat:ctSessionData,COLI_HSP48_CT_1,2022-12-15 13:54:22.73,/data/experiments/SNIPR01_E00121
SNIPR01_E00122,SNIPR01_E00122,COLI,2020-04-08,xnat:ctSessionData,COLI_HSP31_CT_2,2022-12-15 14:00:53.46,/data/experiments/SNIPR01_E00122
SNIPR01_E00123,SNIPR01_E00123,COLI,2020-07-19,xnat:ctSessionData,COLI_HSP49_CT_2,2022-12-15 14:01:41.622,/data/experiments/SNIPR01_E00123
SNIPR01_E00124,SNIPR01_E00124,COLI,2020-07-28,xnat:ctSessionData,COLI_HSP50_CT_2,2022-12-15 14:03:53.551,/data/experiments/SNIPR01_E00124
SNIPR01_E00125,SNIPR01_E00125,COLI,2020-07-28,xnat:ctSessionData,COLI_HSP50_CT_1,2022-12-15 14:04:30.0,/data/experiments/SNIPR01_E00125
SNIPR01_E00126,SNIPR01_E00126,COLI,2020-07-31,xnat:ctSessionData,COLI_HSP51_CT_2,2022-12-15 14:38:17.973,/data/experiments/SNIPR01_E00126
SNIPR01_E00127,SNIPR01_E00127,COLI,2020-07-30,xnat:ctSessionData,COLI_HSP51_CT_1,2022-12-15 14:38:34.257,/data/experiments/SNIPR01_E00127
SNIPR01_E00128,SNIPR01_E00128,COLI,2020-08-04,xnat:ctSessionData,COLI_HSP52_CT_1,2022-12-15 14:42:40.224,/data/experiments/SNIPR01_E00128
SNIPR01_E00129,SNIPR01_E00129,COLI,2020-08-04,xnat:ctSessionData,COLI_HSP52_CT_2,2022-12-15 14:42:49.682,/data/experiments/SNIPR01_E00129
SNIPR01_E00130,SNIPR01_E00130,COLI,2020-07-09,xnat:ctSessionData,COLI_HLP01_CT_2,2022-12-19 10:58:06.186,/data/experiments/SNIPR01_E00130
SNIPR01_E00131,SNIPR01_E00131,COLI,2020-07-08,xnat:ctSessionData,COLI_HLP01_CT_1,2022-12-19 10:58:37.13,/data/experiments/SNIPR01_E00131
SNIPR01_E00132,SNIPR01_E00132,COLI,2020-07-13,xnat:ctSessionData,COLI_HLP02_CT_3,2022-12-19 11:01:17.055,/data/experiments/SNIPR01_E00132
SNIPR01_E00133,SNIPR01_E00133,COLI,2020-07-13,xnat:xaSessionData,COLI_HLP02_XA_1,2022-12-19 11:02:02.56,/data/experiments/SNIPR01_E00133
SNIPR01_E00134,SNIPR01_E00134,COLI,2020-07-13,xnat:ctSessionData,COLI_HLP02_CT_2,2022-12-19 11:02:02.564,/data/experiments/SNIPR01_E00134
SNIPR01_E00135,SNIPR01_E00135,COLI,2020-07-15,xnat:ctSessionData,COLI_HLP03_CT_2,2022-12-19 11:04:57.834,/data/experiments/SNIPR01_E00135
SNIPR01_E00136,SNIPR01_E00136,COLI,2020-07-14,xnat:ctSessionData,COLI_HLP03_CT_1,2022-12-19 11:05:13.071,/data/experiments/SNIPR01_E00136
SNIPR01_E00137,SNIPR01_E00137,COLI,2020-07-24,xnat:ctSessionData,COLI_HLP05_CT_2,2022-12-19 11:07:46.839,/data/experiments/SNIPR01_E00137
SNIPR01_E00138,SNIPR01_E00138,COLI,2020-07-23,xnat:ctSessionData,COLI_HLP05_CT_1,2022-12-19 11:08:25.256,/data/experiments/SNIPR01_E00138
SNIPR01_E00139,SNIPR01_E00139,COLI,2020-08-27,xnat:ctSessionData,COLI_HLP08_CT_2,2022-12-19 11:08:48.856,/data/experiments/SNIPR01_E00139
SNIPR01_E00140,SNIPR01_E00140,COLI,2020-08-27,xnat:ctSessionData,COLI_HLP08_CT_1,2022-12-19 11:10:22.798,/data/experiments/SNIPR01_E00140
SNIPR01_E00141,SNIPR01_E00141,COLI,2020-09-10,xnat:ctSessionData,COLI_HLP10_CT_2,2022-12-19 11:12:21.426,/data/experiments/SNIPR01_E00141
SNIPR01_E00142,SNIPR01_E00142,COLI,2020-09-10,xnat:xaSessionData,COLI_HLP10_XA_1,2022-12-19 11:13:19.759,/data/experiments/SNIPR01_E00142
SNIPR01_E00143,SNIPR01_E00143,COLI,2020-09-10,xnat:ctSessionData,COLI_HLP10_CT_1,2022-12-19 11:14:27.63,/data/experiments/SNIPR01_E00143
SNIPR01_E00144,SNIPR01_E00144,COLI,2020-09-13,xnat:ctSessionData,COLI_HLP11_CT_2,2022-12-19 11:16:25.255,/data/experiments/SNIPR01_E00144
SNIPR01_E00145,SNIPR01_E00145,COLI,2020-09-12,xnat:ctSessionData,COLI_HLP11_CT_1,2022-12-19 11:16:34.622,/data/experiments/SNIPR01_E00145
SNIPR01_E00146,SNIPR01_E00146,COLI,2020-09-13,xnat:ctSessionData,COLI_HLP12_CT_2,2022-12-19 11:17:50.8,/data/experiments/SNIPR01_E00146
SNIPR01_E00147,SNIPR01_E00147,COLI,2020-09-12,xnat:ctSessionData,COLI_HLP12_CT_1,2022-12-19 11:18:02.88,/data/experiments/SNIPR01_E00147
SNIPR01_E00148,SNIPR01_E00148,COLI,2020-10-27,xnat:ctSessionData,COLI_HLP14_CT_2,2022-12-19 11:19:37.043,/data/experiments/SNIPR01_E00148
SNIPR01_E00149,SNIPR01_E00149,COLI,2020-10-26,xnat:ctSessionData,COLI_HLP14_CT_1,2022-12-19 11:20:26.596,/data/experiments/SNIPR01_E00149
SNIPR01_E00150,SNIPR01_E00150,COLI,2020-11-02,xnat:ctSessionData,COLI_HLP15_CT_2,2022-12-19 11:22:43.751,/data/experiments/SNIPR01_E00150
SNIPR01_E00151,SNIPR01_E00151,COLI,2020-11-01,xnat:ctSessionData,COLI_HLP15_CT_1,2022-12-19 11:22:49.454,/data/experiments/SNIPR01_E00151
SNIPR01_E00152,SNIPR01_E00152,COLI,2021-01-07,xnat:ctSessionData,COLI_HLP18_CT_3,2022-12-19 11:30:40.748,/data/experiments/SNIPR01_E00152
SNIPR01_E00153,SNIPR01_E00153,COLI,2021-01-07,xnat:ctSessionData,COLI_HLP18_CT_1,2022-12-19 11:30:57.396,/data/experiments/SNIPR01_E00153
SNIPR01_E00154,SNIPR01_E00154,COLI,2021-01-19,xnat:ctSessionData,COLI_HLP19_CT_2,2022-12-19 11:32:01.46,/data/experiments/SNIPR01_E00154
SNIPR01_E00155,SNIPR01_E00155,COLI,2021-01-18,xnat:ctSessionData,COLI_HLP19_CT_1,2022-12-19 11:33:01.517,/data/experiments/SNIPR01_E00155
SNIPR01_E00156,SNIPR01_E00156,COLI,2021-02-04,xnat:ctSessionData,COLI_HLP21_CT_2,2022-12-19 11:33:48.942,/data/experiments/SNIPR01_E00156
SNIPR01_E00157,SNIPR01_E00157,COLI,2021-01-07,xnat:ctSessionData,COLI_HLP18_CT_2,2022-12-19 11:34:42.171,/data/experiments/SNIPR01_E00157
SNIPR01_E00158,SNIPR01_E00158,COLI,2021-03-10,xnat:ctSessionData,COLI_HLP23_CT_2,2022-12-19 11:36:53.262,/data/experiments/SNIPR01_E00158
SNIPR01_E00159,SNIPR01_E00159,COLI,2021-02-03,xnat:ctSessionData,COLI_HLP21_CT_1,2022-12-19 11:37:10.411,/data/experiments/SNIPR01_E00159
SNIPR01_E00160,SNIPR01_E00160,COLI,2021-03-15,xnat:ctSessionData,COLI_HLP24_CT_2,2022-12-19 11:37:18.222,/data/experiments/SNIPR01_E00160
SNIPR01_E00161,SNIPR01_E00161,COLI,2021-03-14,xnat:ctSessionData,COLI_HLP24_CT_1,2022-12-19 11:40:26.356,/data/experiments/SNIPR01_E00161
SNIPR01_E00162,SNIPR01_E00162,COLI,2021-03-10,xnat:ctSessionData,COLI_HLP23_CT_1,2022-12-19 11:41:14.539,/data/experiments/SNIPR01_E00162
SNIPR01_E00163,SNIPR01_E00163,COLI,2021-03-17,xnat:ctSessionData,COLI_HLP25_CT_2,2022-12-19 11:43:03.789,/data/experiments/SNIPR01_E00163
SNIPR01_E00164,SNIPR01_E00164,COLI,2021-03-18,xnat:ctSessionData,COLI_HLP26_CT_2,2022-12-19 11:44:08.174,/data/experiments/SNIPR01_E00164
SNIPR01_E00165,SNIPR01_E00165,COLI,2021-03-16,xnat:ctSessionData,COLI_HLP25_CT_1,2022-12-19 11:46:05.953,/data/experiments/SNIPR01_E00165
SNIPR01_E00166,SNIPR01_E00166,COLI,2021-03-23,xnat:ctSessionData,COLI_HLP27_CT_2,2022-12-19 11:48:34.626,/data/experiments/SNIPR01_E00166
SNIPR01_E00167,SNIPR01_E00167,COLI,2021-03-17,xnat:ctSessionData,COLI_HLP26_CT_1,2022-12-19 11:49:59.723,/data/experiments/SNIPR01_E00167
SNIPR01_E00168,SNIPR01_E00168,COLI,2021-03-22,xnat:ctSessionData,COLI_HLP27_CT_1,2022-12-19 11:50:11.399,/data/experiments/SNIPR01_E00168
SNIPR01_E00169,SNIPR01_E00169,COLI,2021-03-28,xnat:ctSessionData,COLI_HLP28_CT_2,2022-12-19 11:51:50.89,/data/experiments/SNIPR01_E00169
SNIPR01_E00170,SNIPR01_E00170,COLI,2021-05-30,xnat:ctSessionData,COLI_HLP31_CT_2,2022-12-19 11:53:04.282,/data/experiments/SNIPR01_E00170
SNIPR01_E00171,SNIPR01_E00171,COLI,2021-03-27,xnat:ctSessionData,COLI_HLP28_CT_1,2022-12-19 11:53:33.101,/data/experiments/SNIPR01_E00171
SNIPR01_E00172,SNIPR01_E00172,COLI,2021-05-29,xnat:ctSessionData,COLI_HLP31_CT_1,2022-12-19 11:54:15.812,/data/experiments/SNIPR01_E00172
SNIPR01_E00173,SNIPR01_E00173,COLI,2021-06-16,xnat:ctSessionData,COLI_HLP33_CT_2,2022-12-19 11:54:25.374,/data/experiments/SNIPR01_E00173
SNIPR01_E00174,SNIPR01_E00174,COLI,2021-08-31,xnat:ctSessionData,COLI_HLP36_CT_2,2022-12-19 11:56:04.207,/data/experiments/SNIPR01_E00174
SNIPR01_E00175,SNIPR01_E00175,COLI,2021-08-30,xnat:ctSessionData,COLI_HLP36_CT_1,2022-12-19 11:57:36.128,/data/experiments/SNIPR01_E00175
SNIPR01_E00176,SNIPR01_E00176,COLI,2021-06-30,xnat:ctSessionData,COLI_HLP35_CT_2,2022-12-19 11:58:49.34,/data/experiments/SNIPR01_E00176
SNIPR01_E00177,SNIPR01_E00177,COLI,2021-06-29,xnat:ctSessionData,COLI_HLP35_CT_1,2022-12-19 11:59:26.386,/data/experiments/SNIPR01_E00177
SNIPR01_E00178,SNIPR01_E00178,COLI,2021-06-15,xnat:ctSessionData,COLI_HLP33_CT_1,2022-12-19 12:00:08.12,/data/experiments/SNIPR01_E00178
SNIPR01_E00179,SNIPR01_E00179,COLI,2021-09-01,xnat:ctSessionData,COLI_HLP37_CT_2,2022-12-19 12:01:59.702,/data/experiments/SNIPR01_E00179
SNIPR01_E00180,SNIPR01_E00180,COLI,2021-10-22,xnat:ctSessionData,COLI_HLP39_CT_3,2022-12-19 12:05:25.613,/data/experiments/SNIPR01_E00180
SNIPR01_E00181,SNIPR01_E00181,COLI,2021-09-05,xnat:ctSessionData,COLI_HLP38_CT_1,2022-12-19 12:05:43.452,/data/experiments/SNIPR01_E00181
SNIPR01_E00182,SNIPR01_E00182,COLI,2021-08-31,xnat:xaSessionData,COLI_HLP37_XA_1,2022-12-19 12:06:51.235,/data/experiments/SNIPR01_E00182
SNIPR01_E00183,SNIPR01_E00183,COLI,2021-09-06,xnat:ctSessionData,COLI_HLP38_CT_2,2022-12-19 12:07:01.23,/data/experiments/SNIPR01_E00183
SNIPR01_E00184,SNIPR01_E00184,COLI,2021-08-31,xnat:ctSessionData,COLI_HLP37_CT_1,2022-12-19 12:07:02.036,/data/experiments/SNIPR01_E00184
SNIPR01_E00185,SNIPR01_E00185,COLI,2021-10-21,xnat:ctSessionData,COLI_HLP39_CT_2,2022-12-19 12:07:06.413,/data/experiments/SNIPR01_E00185
SNIPR01_E00186,SNIPR01_E00186,COLI,2021-10-20,xnat:ctSessionData,COLI_HLP39_CT_1,2022-12-19 12:07:14.51,/data/experiments/SNIPR01_E00186
SNIPR01_E00187,SNIPR01_E00187,COLI,2021-11-13,xnat:ctSessionData,COLI_HLP40_CT_2,2022-12-19 12:11:25.734,/data/experiments/SNIPR01_E00187
SNIPR01_E00188,SNIPR01_E00188,COLI,2022-01-14,xnat:ctSessionData,COLI_HLP43_CT_2,2022-12-19 12:11:32.895,/data/experiments/SNIPR01_E00188
SNIPR01_E00189,SNIPR01_E00189,COLI,2021-11-12,xnat:ctSessionData,COLI_HLP40_CT_1,2022-12-19 12:11:53.696,/data/experiments/SNIPR01_E00189
SNIPR01_E00190,SNIPR01_E00190,COLI,2021-12-01,xnat:ctSessionData,COLI_HLP41_CT_1,2022-12-19 12:14:52.888,/data/experiments/SNIPR01_E00190
SNIPR01_E00191,SNIPR01_E00191,COLI,2021-12-02,xnat:ctSessionData,COLI_HLP41_CT_2,2022-12-19 12:14:56.961,/data/experiments/SNIPR01_E00191
SNIPR01_E00192,SNIPR01_E00192,COLI,2022-01-13,xnat:ctSessionData,COLI_HLP43_CT_1,2022-12-19 12:15:12.553,/data/experiments/SNIPR01_E00192
SNIPR01_E00193,SNIPR01_E00193,COLI,2022-02-15,xnat:ctSessionData,COLI_HLP45_CT_2,2022-12-19 12:26:45.883,/data/experiments/SNIPR01_E00193
SNIPR01_E00194,SNIPR01_E00194,COLI,2022-04-24,xnat:ctSessionData,COLI_HLP46_CT_2,2022-12-19 12:27:49.69,/data/experiments/SNIPR01_E00194
SNIPR01_E00195,SNIPR01_E00195,COLI,2022-02-14,xnat:ctSessionData,COLI_HLP45_CT_1,2022-12-19 12:28:26.636,/data/experiments/SNIPR01_E00195
SNIPR01_E00196,SNIPR01_E00196,COLI,2022-04-23,xnat:ctSessionData,COLI_HLP46_CT_1,2022-12-19 12:28:37.362,/data/experiments/SNIPR01_E00196
SNIPR01_E00197,SNIPR01_E00197,COLI,2020-08-19,xnat:ctSessionData,COLI_HSP55_CT_2,2022-12-19 12:47:40.513,/data/experiments/SNIPR01_E00197
SNIPR01_E00198,SNIPR01_E00198,COLI,2020-08-18,xnat:ctSessionData,COLI_HSP55_CT_1,2022-12-19 12:48:00.206,/data/experiments/SNIPR01_E00198
SNIPR01_E00199,SNIPR01_E00199,COLI,2020-08-25,xnat:ctSessionData,COLI_HSP56_CT_2,2022-12-19 12:48:14.288,/data/experiments/SNIPR01_E00199
SNIPR01_E00200,SNIPR01_E00200,COLI,2020-08-24,xnat:ctSessionData,COLI_HSP56_CT_1,2022-12-19 12:51:11.4,/data/experiments/SNIPR01_E00200
SNIPR01_E00201,SNIPR01_E00201,COLI,2020-09-14,xnat:ctSessionData,COLI_HSP59_CT_1,2022-12-19 12:52:10.877,/data/experiments/SNIPR01_E00201
SNIPR01_E00202,SNIPR01_E00202,COLI,2020-09-15,xnat:ctSessionData,COLI_HSP59_CT_2,2022-12-19 12:52:11.469,/data/experiments/SNIPR01_E00202
SNIPR01_E00203,SNIPR01_E00203,COLI,2020-09-17,xnat:ctSessionData,COLI_HSP62_CT_2,2022-12-19 13:09:27.349,/data/experiments/SNIPR01_E00203
SNIPR01_E00204,SNIPR01_E00204,COLI,2020-09-20,xnat:ctSessionData,COLI_HSP64_CT_1,2022-12-19 13:10:47.577,/data/experiments/SNIPR01_E00204
SNIPR01_E00205,SNIPR01_E00205,COLI,2020-09-21,xnat:ctSessionData,COLI_HSP64_CT_2,2022-12-19 13:11:23.488,/data/experiments/SNIPR01_E00205
SNIPR01_E00206,SNIPR01_E00206,COLI,2020-09-16,xnat:ctSessionData,COLI_HSP62_CT_1,2022-12-19 13:11:35.748,/data/experiments/SNIPR01_E00206
SNIPR01_E00207,SNIPR01_E00207,COLI,2020-09-29,xnat:ctSessionData,COLI_HSP65_CT_1,2022-12-19 13:30:07.284,/data/experiments/SNIPR01_E00207
SNIPR01_E00208,SNIPR01_E00208,COLI,2020-09-29,xnat:ctSessionData,COLI_HSP65_CT_2,2022-12-19 13:30:34.266,/data/experiments/SNIPR01_E00208
SNIPR01_E00209,SNIPR01_E00209,COLI,2020-10-06,xnat:ctSessionData,COLI_HSP66_CT_1,2022-12-19 13:31:19.797,/data/experiments/SNIPR01_E00209
SNIPR01_E00210,SNIPR01_E00210,COLI,2020-10-06,xnat:ctSessionData,COLI_HSP66_CT_2,2022-12-19 13:31:20.657,/data/experiments/SNIPR01_E00210
SNIPR01_E00211,SNIPR01_E00211,COLI,2020-10-06,xnat:ctSessionData,COLI_HSP67_CT_2,2022-12-19 13:38:08.005,/data/experiments/SNIPR01_E00211
SNIPR01_E00212,SNIPR01_E00212,COLI,2020-10-19,xnat:ctSessionData,COLI_HSP68_CT_1,2022-12-19 13:38:18.946,/data/experiments/SNIPR01_E00212
SNIPR01_E00213,SNIPR01_E00213,COLI,2020-10-05,xnat:ctSessionData,COLI_HSP67_CT_1,2022-12-19 13:38:20.455,/data/experiments/SNIPR01_E00213
SNIPR01_E00214,SNIPR01_E00214,COLI,2020-10-20,xnat:ctSessionData,COLI_HSP68_CT_2,2022-12-19 13:38:26.283,/data/experiments/SNIPR01_E00214
SNIPR01_E00215,SNIPR01_E00215,COLI,2020-10-20,xnat:ctSessionData,COLI_HSP69_CT_2,2022-12-19 14:13:04.902,/data/experiments/SNIPR01_E00215
SNIPR01_E00216,SNIPR01_E00216,COLI,2020-10-19,xnat:ctSessionData,COLI_HSP69_CT_1,2022-12-19 14:13:13.421,/data/experiments/SNIPR01_E00216
SNIPR01_E00217,SNIPR01_E00217,COLI,2020-10-23,xnat:ctSessionData,COLI_HSP70_CT_2,2022-12-19 14:16:36.251,/data/experiments/SNIPR01_E00217
SNIPR01_E00218,SNIPR01_E00218,COLI,2020-10-23,xnat:ctSessionData,COLI_HSP70_CT_1,2022-12-19 14:16:41.599,/data/experiments/SNIPR01_E00218
SNIPR01_E00219,SNIPR01_E00219,COLI,2020-10-27,xnat:ctSessionData,COLI_HSP71_CT_2,2022-12-19 14:18:20.667,/data/experiments/SNIPR01_E00219
SNIPR01_E00220,SNIPR01_E00220,COLI,2020-10-28,xnat:ctSessionData,COLI_HSP72_CT_2,2022-12-19 14:18:42.389,/data/experiments/SNIPR01_E00220
SNIPR01_E00221,SNIPR01_E00221,COLI,2020-10-26,xnat:ctSessionData,COLI_HSP72_CT_1,2022-12-19 14:19:18.418,/data/experiments/SNIPR01_E00221
SNIPR01_E00222,SNIPR01_E00222,COLI,2020-10-29,xnat:ctSessionData,COLI_HSP73_CT_2,2022-12-19 14:21:40.547,/data/experiments/SNIPR01_E00222
SNIPR01_E00223,SNIPR01_E00223,COLI,2020-10-28,xnat:ctSessionData,COLI_HSP73_CT_1,2022-12-19 14:24:10.989,/data/experiments/SNIPR01_E00223
SNIPR01_E00224,SNIPR01_E00224,COLI,2020-10-26,xnat:ctSessionData,COLI_HSP71_CT_1,2022-12-19 14:24:59.32,/data/experiments/SNIPR01_E00224
SNIPR01_E00225,SNIPR01_E00225,COLI,2020-10-28,xnat:ctSessionData,COLI_HSP74_CT_2,2022-12-19 14:25:59.131,/data/experiments/SNIPR01_E00225
SNIPR01_E00226,SNIPR01_E00226,COLI,2020-11-04,xnat:ctSessionData,COLI_HSP75_CT_1,2022-12-19 14:28:03.037,/data/experiments/SNIPR01_E00226
SNIPR01_E00227,SNIPR01_E00227,COLI,2020-10-27,xnat:ctSessionData,COLI_HSP74_CT_1,2022-12-19 14:28:48.01,/data/experiments/SNIPR01_E00227
SNIPR01_E00228,SNIPR01_E00228,COLI,2020-11-05,xnat:ctSessionData,COLI_HSP75_CT_2,2022-12-19 14:29:13.848,/data/experiments/SNIPR01_E00228
SNIPR01_E00229,SNIPR01_E00229,COLI,2020-11-11,xnat:ctSessionData,COLI_HSP76_CT_1,2022-12-19 14:31:40.003,/data/experiments/SNIPR01_E00229
SNIPR01_E00230,SNIPR01_E00230,COLI,2020-11-12,xnat:ctSessionData,COLI_HSP76_CT_2,2022-12-19 14:31:47.719,/data/experiments/SNIPR01_E00230
SNIPR01_E00231,SNIPR01_E00231,COLI,2020-11-16,xnat:ctSessionData,COLI_HSP77_CT_2,2022-12-19 14:49:42.173,/data/experiments/SNIPR01_E00231
SNIPR01_E00232,SNIPR01_E00232,COLI,2020-11-15,xnat:ctSessionData,COLI_HSP77_CT_1,2022-12-19 14:50:26.542,/data/experiments/SNIPR01_E00232
SNIPR01_E00233,SNIPR01_E00233,COLI,2020-11-25,xnat:ctSessionData,COLI_HSP78_CT_2,2022-12-19 14:52:14.867,/data/experiments/SNIPR01_E00233
SNIPR01_E00234,SNIPR01_E00234,COLI,2020-11-24,xnat:ctSessionData,COLI_HSP78_CT_1,2022-12-19 14:52:41.873,/data/experiments/SNIPR01_E00234
SNIPR01_E00235,SNIPR01_E00235,COLI,2020-11-27,xnat:ctSessionData,COLI_HSP79_CT_1,2022-12-19 14:55:30.757,/data/experiments/SNIPR01_E00235
SNIPR01_E00236,SNIPR01_E00236,COLI,2020-11-28,xnat:ctSessionData,COLI_HSP79_CT_2,2022-12-19 14:55:36.753,/data/experiments/SNIPR01_E00236
SNIPR01_E00237,SNIPR01_E00237,COLI,2020-12-01,xnat:ctSessionData,COLI_HSP80_CT_1,2022-12-19 15:04:42.56,/data/experiments/SNIPR01_E00237
SNIPR01_E00238,SNIPR01_E00238,COLI,2020-12-02,xnat:ctSessionData,COLI_HSP80_CT_2,2022-12-19 15:16:51.241,/data/experiments/SNIPR01_E00238
SNIPR01_E00239,SNIPR01_E00239,COLI,2022-04-25,xnat:ctSessionData,COLI_HSP159_CT_1,2022-12-27 13:29:56.096,/data/experiments/SNIPR01_E00239
SNIPR01_E00240,SNIPR01_E00240,COLI,2022-04-26,xnat:ctSessionData,COLI_HSP159_CT_2,2022-12-27 13:30:33.699,/data/experiments/SNIPR01_E00240
SNIPR01_E00241,SNIPR01_E00241,COLI,2022-05-09,xnat:ctSessionData,COLI_HSP161_CT_1,2022-12-27 13:32:41.006,/data/experiments/SNIPR01_E00241
SNIPR01_E00242,SNIPR01_E00242,COLI,2022-05-10,xnat:ctSessionData,COLI_HSP161_CT_2,2022-12-27 13:33:02.82,/data/experiments/SNIPR01_E00242
SNIPR01_E00243,SNIPR01_E00243,COLI,2022-03-20,xnat:ctSessionData,COLI_HSP157_CT_1,2022-12-27 13:35:26.934,/data/experiments/SNIPR01_E00243
SNIPR01_E00244,SNIPR01_E00244,COLI,2022-03-21,xnat:ctSessionData,COLI_HSP157_CT_2,2022-12-27 13:35:38.738,/data/experiments/SNIPR01_E00244
SNIPR01_E07133,SNIPR01_E07133,COLI,,xnat:ctSessionData,wwwnitrcorgprojectsclinicaltbx,2024-10-30 11:10:08.249,/data/experiments/SNIPR01_E07133
SNIPR01_E07134,SNIPR01_E07134,COLI,,xnat:ctSessionData,nistmnimcgillcaatlases,2024-10-30 11:24:08.914,/data/experiments/SNIPR01_E07134
SNIPR01_E07218,SNIPR01_E07218,COLI,,xnat:ctSessionData,www_nitrc_org_frs,2024-11-04 15:24:12.263,/data/experiments/SNIPR01_E07218
SNIPR02_E02934,SNIPR02_E02934,COLI,2020-06-15,xnat:ctSessionData,COLI_HM01_CT_1,2022-12-06 10:50:22.047,/data/experiments/SNIPR02_E02934
SNIPR02_E02936,SNIPR02_E02936,COLI,2020-06-16,xnat:ctSessionData,COLI_HM01_CT_2,2022-12-06 10:50:50.786,/data/experiments/SNIPR02_E02936
SNIPR02_E02938,SNIPR02_E02938,COLI,2020-07-07,xnat:ctSessionData,COLI_HM02_CT_2,2022-12-06 11:07:46.76,/data/experiments/SNIPR02_E02938
SNIPR02_E02940,SNIPR02_E02940,COLI,2020-07-02,xnat:ctSessionData,COLI_HM02_CT_1,2022-12-06 11:08:18.619,/data/experiments/SNIPR02_E02940
SNIPR02_E02941,SNIPR02_E02941,COLI,2020-07-08,xnat:ctSessionData,COLI_HM03_CT_1,2022-12-06 11:23:16.503,/data/experiments/SNIPR02_E02941
SNIPR02_E02942,SNIPR02_E02942,COLI,2020-07-09,xnat:ctSessionData,COLI_HM03_CT_2,2022-12-06 11:23:45.785,/data/experiments/SNIPR02_E02942
SNIPR02_E02943,SNIPR02_E02943,COLI,2020-07-18,xnat:ctSessionData,COLI_HM04_CT_2,2022-12-06 11:34:10.346,/data/experiments/SNIPR02_E02943
SNIPR02_E02944,SNIPR02_E02944,COLI,2020-07-17,xnat:ctSessionData,COLI_HM04_CT_1,2022-12-06 11:34:28.512,/data/experiments/SNIPR02_E02944
SNIPR02_E02945,SNIPR02_E02945,COLI,2020-07-27,xnat:ctSessionData,COLI_HM05_CT_2,2022-12-06 11:47:41.392,/data/experiments/SNIPR02_E02945
SNIPR02_E02946,SNIPR02_E02946,COLI,2020-07-24,xnat:ctSessionData,COLI_HM05_CT_1,2022-12-06 11:48:07.721,/data/experiments/SNIPR02_E02946
SNIPR02_E02947,SNIPR02_E02947,COLI,2020-09-07,xnat:ctSessionData,COLI_HM06_CT_1,2022-12-06 12:08:56.287,/data/experiments/SNIPR02_E02947
SNIPR02_E02948,SNIPR02_E02948,COLI,2020-09-08,xnat:ctSessionData,COLI_HM06_CT_2,2022-12-06 12:09:37.85,/data/experiments/SNIPR02_E02948
SNIPR02_E02949,SNIPR02_E02949,COLI,2020-09-12,xnat:ctSessionData,COLI_HM08_CT_1,2022-12-06 12:35:14.089,/data/experiments/SNIPR02_E02949
SNIPR02_E02950,SNIPR02_E02950,COLI,2020-09-18,xnat:ctSessionData,COLI_HM08_CT_2,2022-12-06 12:35:34.512,/data/experiments/SNIPR02_E02950
SNIPR02_E02951,SNIPR02_E02951,COLI,2020-09-26,xnat:ctSessionData,COLI_HM09_CT_2,2022-12-06 12:52:27.76,/data/experiments/SNIPR02_E02951
SNIPR02_E02952,SNIPR02_E02952,COLI,2020-09-26,xnat:ctSessionData,COLI_HM09_CT_1,2022-12-06 12:52:48.36,/data/experiments/SNIPR02_E02952
SNIPR02_E02953,SNIPR02_E02953,COLI,2020-10-04,xnat:ctSessionData,COLI_HM10_CT_1,2022-12-07 10:00:13.984,/data/experiments/SNIPR02_E02953
SNIPR02_E02954,SNIPR02_E02954,COLI,2020-10-05,xnat:ctSessionData,COLI_HM10_CT_2,2022-12-07 10:00:46.725,/data/experiments/SNIPR02_E02954
SNIPR02_E02955,SNIPR02_E02955,COLI,2020-10-11,xnat:ctSessionData,COLI_HM11_CT_2,2022-12-07 10:23:13.097,/data/experiments/SNIPR02_E02955
SNIPR02_E02956,SNIPR02_E02956,COLI,2020-10-09,xnat:ctSessionData,COLI_HM11_CT_1,2022-12-07 10:23:20.467,/data/experiments/SNIPR02_E02956
SNIPR02_E02957,SNIPR02_E02957,COLI,2020-10-27,xnat:ctSessionData,COLI_HM12_CT_2,2022-12-07 11:25:16.348,/data/experiments/SNIPR02_E02957
SNIPR02_E02958,SNIPR02_E02958,COLI,2020-10-24,xnat:ctSessionData,COLI_HM12_CT_1,2022-12-07 11:26:54.33,/data/experiments/SNIPR02_E02958
SNIPR02_E02959,SNIPR02_E02959,COLI,2020-10-28,xnat:ctSessionData,COLI_HM13_CT_1,2022-12-07 11:49:33.14,/data/experiments/SNIPR02_E02959
SNIPR02_E02960,SNIPR02_E02960,COLI,2020-10-29,xnat:ctSessionData,COLI_HM13_CT_2,2022-12-07 11:50:08.053,/data/experiments/SNIPR02_E02960
SNIPR02_E02961,SNIPR02_E02961,COLI,2020-12-11,xnat:ctSessionData,COLI_HM15_CT_1,2022-12-07 12:10:17.416,/data/experiments/SNIPR02_E02961
SNIPR02_E02962,SNIPR02_E02962,COLI,2020-12-12,xnat:ctSessionData,COLI_HM15_CT_2,2022-12-07 12:10:56.344,/data/experiments/SNIPR02_E02962
SNIPR02_E02963,SNIPR02_E02963,COLI,2021-01-31,xnat:ctSessionData,COLI_HM18_CT_1,2022-12-07 12:54:53.037,/data/experiments/SNIPR02_E02963
SNIPR02_E02964,SNIPR02_E02964,COLI,2021-01-30,xnat:ctSessionData,COLI_HM18_CT_2,2022-12-07 12:55:22.544,/data/experiments/SNIPR02_E02964
SNIPR02_E02965,SNIPR02_E02965,COLI,2021-01-31,xnat:ctSessionData,COLI_HM19_CT_2,2022-12-07 13:33:10.181,/data/experiments/SNIPR02_E02965
SNIPR02_E02966,SNIPR02_E02966,COLI,2021-01-30,xnat:ctSessionData,COLI_HM19_CT_1,2022-12-07 13:33:29.398,/data/experiments/SNIPR02_E02966
SNIPR02_E02967,SNIPR02_E02967,COLI,2021-02-05,xnat:ctSessionData,COLI_HM20_CT_1,2022-12-08 11:35:51.911,/data/experiments/SNIPR02_E02967
SNIPR02_E02968,SNIPR02_E02968,COLI,2021-02-06,xnat:ctSessionData,COLI_HM20_CT_2,2022-12-08 11:36:31.724,/data/experiments/SNIPR02_E02968
SNIPR02_E02969,SNIPR02_E02969,COLI,2021-02-12,xnat:ctSessionData,COLI_HM21_CT_1,2022-12-08 11:55:50.306,/data/experiments/SNIPR02_E02969
SNIPR02_E02970,SNIPR02_E02970,COLI,2021-02-13,xnat:ctSessionData,COLI_HM21_CT_2,2022-12-08 11:56:22.366,/data/experiments/SNIPR02_E02970
SNIPR02_E02971,SNIPR02_E02971,COLI,2021-02-24,xnat:ctSessionData,COLI_HM22_CT_1,2022-12-08 12:19:09.841,/data/experiments/SNIPR02_E02971
SNIPR02_E02972,SNIPR02_E02972,COLI,2021-02-25,xnat:ctSessionData,COLI_HM22_CT_2,2022-12-08 12:19:19.723,/data/experiments/SNIPR02_E02972
SNIPR02_E02973,SNIPR02_E02973,COLI,2021-03-08,xnat:ctSessionData,COLI_HM24_CT_1,2022-12-08 13:00:40.008,/data/experiments/SNIPR02_E02973
SNIPR02_E02974,SNIPR02_E02974,COLI,2021-03-09,xnat:ctSessionData,COLI_HM24_CT_2,2022-12-08 13:01:13.099,/data/experiments/SNIPR02_E02974
SNIPR02_E02975,SNIPR02_E02975,COLI,2020-12-06,xnat:xaSessionData,COLI_HSP81_XA_1,2022-12-27 09:53:29.328,/data/experiments/SNIPR02_E02975
SNIPR02_E02976,SNIPR02_E02976,COLI,2020-12-07,xnat:ctSessionData,COLI_HSP81_CT_2,2022-12-27 09:55:14.51,/data/experiments/SNIPR02_E02976
SNIPR02_E02977,SNIPR02_E02977,COLI,2020-12-06,xnat:ctSessionData,COLI_HSP81_CT_1,2022-12-27 09:55:36.798,/data/experiments/SNIPR02_E02977
SNIPR02_E02978,SNIPR02_E02978,COLI,2020-12-18,xnat:ctSessionData,COLI_HSP83_CT_2,2022-12-27 10:00:13.569,/data/experiments/SNIPR02_E02978
SNIPR02_E02979,SNIPR02_E02979,COLI,2020-12-16,xnat:ctSessionData,COLI_HSP83_CT_1,2022-12-27 10:00:37.353,/data/experiments/SNIPR02_E02979
SNIPR02_E02980,SNIPR02_E02980,COLI,2021-01-11,xnat:ctSessionData,COLI_HSP85_CT_1,2022-12-27 10:10:11.212,/data/experiments/SNIPR02_E02980
SNIPR02_E02981,SNIPR02_E02981,COLI,2021-01-12,xnat:ctSessionData,COLI_HSP85_CT_2,2022-12-27 10:10:51.465,/data/experiments/SNIPR02_E02981
SNIPR02_E02982,SNIPR02_E02982,COLI,2021-01-15,xnat:ctSessionData,COLI_HSP86_CT_2,2022-12-27 10:12:44.375,/data/experiments/SNIPR02_E02982
SNIPR02_E02983,SNIPR02_E02983,COLI,2021-01-14,xnat:ctSessionData,COLI_HSP86_CT_1,2022-12-27 10:12:57.131,/data/experiments/SNIPR02_E02983
SNIPR02_E02984,SNIPR02_E02984,COLI,2021-01-15,xnat:ctSessionData,COLI_HSP87_CT_2,2022-12-27 11:24:04.178,/data/experiments/SNIPR02_E02984
SNIPR02_E02985,SNIPR02_E02985,COLI,2021-01-14,xnat:ctSessionData,COLI_HSP87_CT_1,2022-12-27 11:24:18.613,/data/experiments/SNIPR02_E02985
SNIPR02_E02986,SNIPR02_E02986,COLI,2021-01-17,xnat:ctSessionData,COLI_HSP89_CT_2,2022-12-27 11:25:21.641,/data/experiments/SNIPR02_E02986
SNIPR02_E02987,SNIPR02_E02987,COLI,2021-01-18,xnat:ctSessionData,COLI_HSP90_CT_1,2022-12-27 11:26:58.066,/data/experiments/SNIPR02_E02987
SNIPR02_E02988,SNIPR02_E02988,COLI,2021-01-19,xnat:ctSessionData,COLI_HSP90_CT_2,2022-12-27 11:27:01.719,/data/experiments/SNIPR02_E02988
SNIPR02_E02989,SNIPR02_E02989,COLI,2021-01-16,xnat:ctSessionData,COLI_HSP89_CT_1,2022-12-27 11:27:07.699,/data/experiments/SNIPR02_E02989
SNIPR02_E02990,SNIPR02_E02990,COLI,2021-01-28,xnat:ctSessionData,COLI_HSP91_CT_1,2022-12-27 11:30:09.603,/data/experiments/SNIPR02_E02990
SNIPR02_E02991,SNIPR02_E02991,COLI,2021-01-29,xnat:ctSessionData,COLI_HSP91_CT_2,2022-12-27 11:30:14.735,/data/experiments/SNIPR02_E02991
SNIPR02_E02992,SNIPR02_E02992,COLI,2021-01-29,xnat:ctSessionData,COLI_HSP92_CT_2,2022-12-27 11:50:46.971,/data/experiments/SNIPR02_E02992
SNIPR02_E02993,SNIPR02_E02993,COLI,2021-01-28,xnat:ctSessionData,COLI_HSP92_CT_1,2022-12-27 11:50:59.962,/data/experiments/SNIPR02_E02993
SNIPR02_E02994,SNIPR02_E02994,COLI,2021-01-30,xnat:ctSessionData,COLI_HSP93_CT_1,2022-12-27 11:51:29.017,/data/experiments/SNIPR02_E02994
SNIPR02_E02995,SNIPR02_E02995,COLI,2021-01-30,xnat:ctSessionData,COLI_HSP93_CT_2,2022-12-27 11:51:30.119,/data/experiments/SNIPR02_E02995
SNIPR02_E02996,SNIPR02_E02996,COLI,2021-02-06,xnat:ctSessionData,COLI_HSP94_CT_2,2022-12-27 11:56:03.282,/data/experiments/SNIPR02_E02996
SNIPR02_E02997,SNIPR02_E02997,COLI,2021-02-05,xnat:ctSessionData,COLI_HSP94_CT_1,2022-12-27 11:56:36.767,/data/experiments/SNIPR02_E02997
SNIPR02_E02998,SNIPR02_E02998,COLI,2021-02-08,xnat:ctSessionData,COLI_HSP95_CT_2,2022-12-27 11:57:16.967,/data/experiments/SNIPR02_E02998
SNIPR02_E02999,SNIPR02_E02999,COLI,2021-02-07,xnat:ctSessionData,COLI_HSP95_CT_1,2022-12-27 11:57:47.187,/data/experiments/SNIPR02_E02999
SNIPR02_E03000,SNIPR02_E03000,COLI,2021-02-12,xnat:ctSessionData,COLI_HSP96_CT_2,2022-12-27 11:59:33.784,/data/experiments/SNIPR02_E03000
SNIPR02_E03001,SNIPR02_E03001,COLI,2021-02-12,xnat:ctSessionData,COLI_HSP96_CT_1,2022-12-27 11:59:41.383,/data/experiments/SNIPR02_E03001
SNIPR02_E03002,SNIPR02_E03002,COLI,2021-02-16,xnat:ctSessionData,COLI_HSP97_CT_1,2022-12-27 12:05:23.44,/data/experiments/SNIPR02_E03002
SNIPR02_E03003,SNIPR02_E03003,COLI,2021-02-24,xnat:ctSessionData,COLI_HSP98_CT_1,2022-12-27 12:05:26.026,/data/experiments/SNIPR02_E03003
SNIPR02_E03004,SNIPR02_E03004,COLI,2021-02-17,xnat:ctSessionData,COLI_HSP97_CT_2,2022-12-27 12:05:36.256,/data/experiments/SNIPR02_E03004
SNIPR02_E03005,SNIPR02_E03005,COLI,2021-02-25,xnat:ctSessionData,COLI_HSP98_CT_2,2022-12-27 12:05:39.36,/data/experiments/SNIPR02_E03005
SNIPR02_E03006,SNIPR02_E03006,COLI,2021-03-06,xnat:ctSessionData,COLI_HSP101_CT_1,2022-12-27 12:14:16.233,/data/experiments/SNIPR02_E03006
SNIPR02_E03007,SNIPR02_E03007,COLI,2021-03-07,xnat:ctSessionData,COLI_HSP101_CT_2,2022-12-27 12:14:28.38,/data/experiments/SNIPR02_E03007
SNIPR02_E03008,SNIPR02_E03008,COLI,2021-03-14,xnat:ctSessionData,COLI_HSP102_CT_2,2022-12-27 12:15:54.773,/data/experiments/SNIPR02_E03008
SNIPR02_E03009,SNIPR02_E03009,COLI,2021-03-13,xnat:ctSessionData,COLI_HSP102_CT_1,2022-12-27 12:16:16.582,/data/experiments/SNIPR02_E03009
SNIPR02_E03010,SNIPR02_E03010,COLI,2021-03-16,xnat:ctSessionData,COLI_HSP104_CT_2,2022-12-27 12:18:30.769,/data/experiments/SNIPR02_E03010
SNIPR02_E03011,SNIPR02_E03011,COLI,2021-03-15,xnat:ctSessionData,COLI_HSP104_CT_1,2022-12-27 12:18:56.516,/data/experiments/SNIPR02_E03011
SNIPR02_E03012,SNIPR02_E03012,COLI,2021-03-22,xnat:ctSessionData,COLI_HSP105_CT_1,2022-12-27 12:20:39.51,/data/experiments/SNIPR02_E03012
SNIPR02_E03013,SNIPR02_E03013,COLI,2021-03-23,xnat:ctSessionData,COLI_HSP105_CT_2,2022-12-27 12:20:43.016,/data/experiments/SNIPR02_E03013
SNIPR02_E03014,SNIPR02_E03014,COLI,2021-03-30,xnat:ctSessionData,COLI_HSP106_CT_2,2022-12-27 12:23:54.586,/data/experiments/SNIPR02_E03014
SNIPR02_E03015,SNIPR02_E03015,COLI,2021-03-29,xnat:ctSessionData,COLI_HSP106_CT_1,2022-12-27 12:24:35.85,/data/experiments/SNIPR02_E03015
SNIPR02_E03016,SNIPR02_E03016,COLI,2021-04-08,xnat:ctSessionData,COLI_HSP107_CT_1,2022-12-27 12:26:29.639,/data/experiments/SNIPR02_E03016
SNIPR02_E03017,SNIPR02_E03017,COLI,2021-04-08,xnat:ctSessionData,COLI_HSP108_CT_1,2022-12-27 12:27:01.423,/data/experiments/SNIPR02_E03017
SNIPR02_E03018,SNIPR02_E03018,COLI,2021-04-09,xnat:ctSessionData,COLI_HSP108_CT_2,2022-12-27 12:27:04.775,/data/experiments/SNIPR02_E03018
SNIPR02_E03019,SNIPR02_E03019,COLI,2021-04-09,xnat:ctSessionData,COLI_HSP107_CT_2,2022-12-27 12:27:09.217,/data/experiments/SNIPR02_E03019
SNIPR02_E03020,SNIPR02_E03020,COLI,2021-04-13,xnat:ctSessionData,COLI_HSP109_CT_2,2022-12-27 12:31:17.575,/data/experiments/SNIPR02_E03020
SNIPR02_E03021,SNIPR02_E03021,COLI,2021-04-13,xnat:ctSessionData,COLI_HSP109_CT_1,2022-12-27 12:31:25.172,/data/experiments/SNIPR02_E03021
SNIPR02_E03022,SNIPR02_E03022,COLI,2021-04-20,xnat:ctSessionData,COLI_HSP110_CT_2,2022-12-27 12:31:45.219,/data/experiments/SNIPR02_E03022
SNIPR02_E03023,SNIPR02_E03023,COLI,2021-04-19,xnat:ctSessionData,COLI_HSP110_CT_1,2022-12-27 12:32:49.044,/data/experiments/SNIPR02_E03023
SNIPR02_E03024,SNIPR02_E03024,COLI,2021-04-20,xnat:ctSessionData,COLI_HSP111_CT_2,2022-12-27 12:33:56.755,/data/experiments/SNIPR02_E03024
SNIPR02_E03025,SNIPR02_E03025,COLI,2021-04-19,xnat:ctSessionData,COLI_HSP111_CT_1,2022-12-27 12:35:19.575,/data/experiments/SNIPR02_E03025
SNIPR02_E03026,SNIPR02_E03026,COLI,2021-04-29,xnat:ctSessionData,COLI_HSP112_CT_2,2022-12-27 12:35:35.375,/data/experiments/SNIPR02_E03026
SNIPR02_E03027,SNIPR02_E03027,COLI,2021-04-28,xnat:ctSessionData,COLI_HSP112_CT_1,2022-12-27 12:35:36.234,/data/experiments/SNIPR02_E03027
SNIPR02_E03028,SNIPR02_E03028,COLI,2021-05-12,xnat:ctSessionData,COLI_HSP114_CT_1,2022-12-27 12:52:59.264,/data/experiments/SNIPR02_E03028
SNIPR02_E03029,SNIPR02_E03029,COLI,2021-05-12,xnat:ctSessionData,COLI_HSP114_CT_2,2022-12-27 12:53:16.09,/data/experiments/SNIPR02_E03029
SNIPR02_E03030,SNIPR02_E03030,COLI,2021-05-15,xnat:ctSessionData,COLI_HSP115_CT_2,2022-12-27 12:53:46.579,/data/experiments/SNIPR02_E03030
SNIPR02_E03031,SNIPR02_E03031,COLI,2021-05-15,xnat:ctSessionData,COLI_HSP115_CT_1,2022-12-27 12:54:01.646,/data/experiments/SNIPR02_E03031
SNIPR02_E03032,SNIPR02_E03032,COLI,2021-05-18,xnat:ctSessionData,COLI_HSP116_CT_2,2022-12-27 12:56:48.137,/data/experiments/SNIPR02_E03032
SNIPR02_E03033,SNIPR02_E03033,COLI,2021-05-17,xnat:ctSessionData,COLI_HSP116_CT_1,2022-12-27 12:56:56.431,/data/experiments/SNIPR02_E03033
SNIPR02_E03034,SNIPR02_E03034,COLI,2021-05-18,xnat:ctSessionData,COLI_HSP117_CT_1,2022-12-27 12:58:14.717,/data/experiments/SNIPR02_E03034
SNIPR02_E03035,SNIPR02_E03035,COLI,2021-05-31,xnat:ctSessionData,COLI_HSP118_CT_2,2022-12-27 12:58:52.671,/data/experiments/SNIPR02_E03035
SNIPR02_E03036,SNIPR02_E03036,COLI,2021-05-19,xnat:ctSessionData,COLI_HSP117_CT_2,2022-12-27 12:59:57.632,/data/experiments/SNIPR02_E03036
SNIPR02_E03037,SNIPR02_E03037,COLI,2021-06-10,xnat:ctSessionData,COLI_HSP120_CT_1,2022-12-27 13:01:53.536,/data/experiments/SNIPR02_E03037
SNIPR02_E03038,SNIPR02_E03038,COLI,2021-07-14,xnat:ctSessionData,COLI_HSP126_CT_1,2022-12-27 13:02:56.047,/data/experiments/SNIPR02_E03038
SNIPR02_E03039,SNIPR02_E03039,COLI,2021-07-15,xnat:ctSessionData,COLI_HSP126_CT_2,2022-12-27 13:04:00.024,/data/experiments/SNIPR02_E03039
SNIPR02_E03040,SNIPR02_E03040,COLI,2021-07-17,xnat:ctSessionData,COLI_HSP128_CT_2,2022-12-27 13:04:25.414,/data/experiments/SNIPR02_E03040
SNIPR02_E03041,SNIPR02_E03041,COLI,2021-05-30,xnat:ctSessionData,COLI_HSP118_CT_1,2022-12-27 13:04:51.712,/data/experiments/SNIPR02_E03041
SNIPR02_E03042,SNIPR02_E03042,COLI,2021-06-11,xnat:ctSessionData,COLI_HSP120_CT_2,2022-12-27 13:05:50.056,/data/experiments/SNIPR02_E03042
SNIPR02_E03043,SNIPR02_E03043,COLI,2021-07-16,xnat:ctSessionData,COLI_HSP128_CT_1,2022-12-27 13:06:29.797,/data/experiments/SNIPR02_E03043
SNIPR02_E03044,SNIPR02_E03044,COLI,2021-07-30,xnat:ctSessionData,COLI_HSP129_CT_1,2022-12-27 13:08:16.501,/data/experiments/SNIPR02_E03044
SNIPR02_E03045,SNIPR02_E03045,COLI,2021-07-31,xnat:ctSessionData,COLI_HSP129_CT_2,2022-12-27 13:08:55.29,/data/experiments/SNIPR02_E03045
SNIPR02_E03046,SNIPR02_E03046,COLI,2021-12-11,xnat:ctSessionData,COLI_HSP143_CT_1,2022-12-27 13:09:45.973,/data/experiments/SNIPR02_E03046
SNIPR02_E03047,SNIPR02_E03047,COLI,2021-12-12,xnat:ctSessionData,COLI_HSP143_CT_2,2022-12-27 13:09:55.483,/data/experiments/SNIPR02_E03047
SNIPR02_E03048,SNIPR02_E03048,COLI,2022-01-09,xnat:ctSessionData,COLI_HSP146_CT_2,2022-12-27 13:10:16.847,/data/experiments/SNIPR02_E03048
SNIPR02_E03049,SNIPR02_E03049,COLI,2022-01-08,xnat:ctSessionData,COLI_HSP146_CT_1,2022-12-27 13:10:34.811,/data/experiments/SNIPR02_E03049
SNIPR02_E03050,SNIPR02_E03050,COLI,2022-01-08,xnat:ctSessionData,COLI_HSP147_CT_1,2022-12-27 13:12:53.375,/data/experiments/SNIPR02_E03050
SNIPR02_E03051,SNIPR02_E03051,COLI,2022-01-10,xnat:ctSessionData,COLI_HSP147_CT_2,2022-12-27 13:13:02.492,/data/experiments/SNIPR02_E03051
SNIPR02_E03052,SNIPR02_E03052,COLI,2022-01-19,xnat:ctSessionData,COLI_HSP149_CT_2,2022-12-27 13:13:19.88,/data/experiments/SNIPR02_E03052
SNIPR02_E03053,SNIPR02_E03053,COLI,2022-01-18,xnat:ctSessionData,COLI_HSP149_CT_1,2022-12-27 13:14:05.185,/data/experiments/SNIPR02_E03053
SNIPR02_E03054,SNIPR02_E03054,COLI,2022-01-02,xnat:ctSessionData,COLI_HSP151_CT_2,2022-12-27 13:15:46.165,/data/experiments/SNIPR02_E03054
SNIPR02_E03055,SNIPR02_E03055,COLI,2022-01-01,xnat:ctSessionData,COLI_HSP151_CT_1,2022-12-27 13:17:15.527,/data/experiments/SNIPR02_E03055
SNIPR02_E03056,SNIPR02_E03056,COLI,2022-02-16,xnat:ctSessionData,COLI_HSP152_CT_2,2022-12-27 13:21:05.95,/data/experiments/SNIPR02_E03056
SNIPR02_E03057,SNIPR02_E03057,COLI,2022-02-15,xnat:ctSessionData,COLI_HSP152_CT_1,2022-12-27 13:21:53.92,/data/experiments/SNIPR02_E03057
SNIPR02_E08998,SNIPR02_E08998,COLI,2022-02-13,xnat:ctSessionData,COLI_HM58_CT_2,2023-06-29 09:38:07.173,/data/experiments/SNIPR02_E08998
SNIPR02_E08999,SNIPR02_E08999,COLI,2022-02-15,xnat:ctSessionData,COLI_HM60_CT_2,2023-06-29 10:16:17.611,/data/experiments/SNIPR02_E08999
SNIPR02_E09000,SNIPR02_E09000,COLI,2022-02-03,xnat:ctSessionData,COLI_HM59_CT_1,2023-06-29 10:34:10.223,/data/experiments/SNIPR02_E09000
SNIPR02_E09001,SNIPR02_E09001,COLI,2022-01-29,xnat:ctSessionData,COLI_HM57_CT_1,2023-06-29 10:35:56.952,/data/experiments/SNIPR02_E09001
SNIPR02_E09002,SNIPR02_E09002,COLI,2022-02-05,xnat:ctSessionData,COLI_HM59_CT_2,2023-06-29 10:41:53.244,/data/experiments/SNIPR02_E09002
SNIPR02_E09003,SNIPR02_E09003,COLI,2022-01-30,xnat:ctSessionData,COLI_HM57_CT_2,2023-06-29 10:41:55.968,/data/experiments/SNIPR02_E09003
SNIPR02_E09004,SNIPR02_E09004,COLI,2022-01-23,xnat:ctSessionData,COLI_HM58_CT_1,2023-06-29 10:56:24.416,/data/experiments/SNIPR02_E09004
SNIPR02_E09005,SNIPR02_E09005,COLI,2022-02-15,xnat:ctSessionData,COLI_HM60_CT_1,2023-06-29 10:56:39.788,/data/experiments/SNIPR02_E09005
SNIPR02_E09006,SNIPR02_E09006,COLI,2022-04-26,xnat:ctSessionData,COLI_HM65_CT_1,2023-07-11 03:45:21.427,/data/experiments/SNIPR02_E09006
SNIPR02_E09007,SNIPR02_E09007,COLI,2022-04-07,xnat:ctSessionData,COLI_HM62_CT_2,2023-07-11 04:09:13.942,/data/experiments/SNIPR02_E09007
SNIPR02_E09008,SNIPR02_E09008,COLI,2022-04-06,xnat:ctSessionData,COLI_HM62_CT_1,2023-07-11 04:43:18.644,/data/experiments/SNIPR02_E09008
SNIPR02_E09009,SNIPR02_E09009,COLI,2022-04-27,xnat:ctSessionData,COLI_HM65_CT_2,2023-07-11 04:55:17.114,/data/experiments/SNIPR02_E09009
SNIPR02_E09010,SNIPR02_E09010,COLI,2022-05-14,xnat:ctSessionData,COLI_HM66_CT_2,2023-07-11 05:31:40.089,/data/experiments/SNIPR02_E09010
SNIPR02_E09011,SNIPR02_E09011,COLI,2022-05-16,xnat:ctSessionData,COLI_HM67_CT_2,2023-07-11 05:36:56.322,/data/experiments/SNIPR02_E09011
SNIPR02_E09012,SNIPR02_E09012,COLI,2022-05-13,xnat:ctSessionData,COLI_HM66_CT_1,2023-07-11 06:17:55.926,/data/experiments/SNIPR02_E09012
SNIPR02_E09013,SNIPR02_E09013,COLI,2022-05-10,xnat:ctSessionData,COLI_HM67_CT_1,2023-07-11 06:36:13.686,/data/experiments/SNIPR02_E09013
SNIPR02_E09014,SNIPR02_E09014,COLI,2020-09-05,xnat:ctSessionData,COLI_HSP57_CT_2,2023-07-11 06:46:01.951,/data/experiments/SNIPR02_E09014
SNIPR02_E09015,SNIPR02_E09015,COLI,2021-06-24,xnat:ctSessionData,COLI_HSP124_CT_1,2023-07-13 02:16:29.075,/data/experiments/SNIPR02_E09015
SNIPR02_E09016,SNIPR02_E09016,COLI,2021-01-18,xnat:ctSessionData,COLI_HSP88_CT_2,2023-07-13 02:16:41.855,/data/experiments/SNIPR02_E09016
SNIPR02_E09017,SNIPR02_E09017,COLI,2020-09-04,xnat:ctSessionData,COLI_HSP57_CT_1,2023-07-13 02:26:05.932,/data/experiments/SNIPR02_E09017
SNIPR02_E09018,SNIPR02_E09018,COLI,2020-04-15,xnat:ctSessionData,COLI_HSP34_CT_1,2023-07-13 02:29:10.505,/data/experiments/SNIPR02_E09018
SNIPR02_E09019,SNIPR02_E09019,COLI,2020-09-18,xnat:ctSessionData,COLI_HSP63_CT_1,2023-07-13 02:31:50.815,/data/experiments/SNIPR02_E09019
SNIPR02_E09020,SNIPR02_E09020,COLI,2021-02-26,xnat:ctSessionData,COLI_HSP99_CT_1,2023-07-13 02:42:50.629,/data/experiments/SNIPR02_E09020
SNIPR02_E09021,SNIPR02_E09021,COLI,2021-06-16,xnat:ctSessionData,COLI_HSP121_CT_2,2023-07-13 02:46:56.676,/data/experiments/SNIPR02_E09021
SNIPR02_E09022,SNIPR02_E09022,COLI,2021-06-28,xnat:ctSessionData,COLI_HSP125_CT_2,2023-07-13 02:50:05.139,/data/experiments/SNIPR02_E09022
SNIPR02_E09023,SNIPR02_E09023,COLI,2021-06-27,xnat:ctSessionData,COLI_HSP124_CT_3,2023-07-13 02:55:59.291,/data/experiments/SNIPR02_E09023
SNIPR02_E09024,SNIPR02_E09024,COLI,2021-03-02,xnat:ctSessionData,COLI_HSP100_CT_1,2023-07-13 03:01:11.667,/data/experiments/SNIPR02_E09024
SNIPR02_E09025,SNIPR02_E09025,COLI,2020-09-13,xnat:ctSessionData,COLI_HSP58_CT_3,2023-07-13 03:03:37.701,/data/experiments/SNIPR02_E09025
SNIPR02_E09026,SNIPR02_E09026,COLI,2021-02-27,xnat:ctSessionData,COLI_HSP99_CT_2,2023-07-13 03:05:07.968,/data/experiments/SNIPR02_E09026
SNIPR02_E09027,SNIPR02_E09027,COLI,2020-09-19,xnat:ctSessionData,COLI_HSP63_CT_2,2023-07-13 03:06:38.666,/data/experiments/SNIPR02_E09027
SNIPR02_E09028,SNIPR02_E09028,COLI,2021-06-18,xnat:ctSessionData,COLI_HSP121_CT_3,2023-07-13 03:15:43.856,/data/experiments/SNIPR02_E09028
SNIPR02_E09029,SNIPR02_E09029,COLI,2021-08-16,xnat:ctSessionData,COLI_HSP131_CT_1,2023-07-13 03:18:38.599,/data/experiments/SNIPR02_E09029
SNIPR02_E09030,SNIPR02_E09030,COLI,2021-08-18,xnat:ctSessionData,COLI_HSP132_CT_1,2023-07-13 03:20:58.461,/data/experiments/SNIPR02_E09030
SNIPR02_E09031,SNIPR02_E09031,COLI,2021-08-17,xnat:ctSessionData,COLI_HSP131_CT_2,2023-07-13 03:21:13.041,/data/experiments/SNIPR02_E09031
SNIPR02_E09032,SNIPR02_E09032,COLI,2020-09-11,xnat:ctSessionData,COLI_HSP58_CT_2,2023-07-13 03:28:55.232,/data/experiments/SNIPR02_E09032
SNIPR02_E09033,SNIPR02_E09033,COLI,2020-04-16,xnat:ctSessionData,COLI_HSP34_CT_2,2023-07-13 03:31:38.071,/data/experiments/SNIPR02_E09033
SNIPR02_E09034,SNIPR02_E09034,COLI,2021-03-03,xnat:ctSessionData,COLI_HSP100_CT_2,2023-07-13 03:33:17.924,/data/experiments/SNIPR02_E09034
SNIPR02_E09035,SNIPR02_E09035,COLI,2021-06-27,xnat:ctSessionData,COLI_HSP125_CT_1,2023-07-13 03:33:53.317,/data/experiments/SNIPR02_E09035
SNIPR02_E09036,SNIPR02_E09036,COLI,2020-09-10,xnat:ctSessionData,COLI_HSP58_CT_1,2023-07-13 03:35:27.448,/data/experiments/SNIPR02_E09036
SNIPR02_E09037,SNIPR02_E09037,COLI,2021-08-21,xnat:ctSessionData,COLI_HSP132_CT_3,2023-07-13 03:35:55.025,/data/experiments/SNIPR02_E09037
SNIPR02_E09038,SNIPR02_E09038,COLI,2021-06-15,xnat:ctSessionData,COLI_HSP121_CT_1,2023-07-13 03:39:15.034,/data/experiments/SNIPR02_E09038
SNIPR02_E09039,SNIPR02_E09039,COLI,2021-08-19,xnat:ctSessionData,COLI_HSP132_CT_2,2023-07-13 03:46:52.316,/data/experiments/SNIPR02_E09039
SNIPR02_E09040,SNIPR02_E09040,COLI,2021-09-21,xnat:ctSessionData,COLI_HSP133_CT_3,2023-07-13 03:52:04.772,/data/experiments/SNIPR02_E09040
SNIPR02_E09041,SNIPR02_E09041,COLI,2021-09-18,xnat:ctSessionData,COLI_HSP133_CT_1,2023-07-13 03:52:25.468,/data/experiments/SNIPR02_E09041
SNIPR02_E09042,SNIPR02_E09042,COLI,2021-09-19,xnat:ctSessionData,COLI_HSP133_CT_2,2023-07-13 03:55:17.66,/data/experiments/SNIPR02_E09042
SNIPR02_E09043,SNIPR02_E09043,COLI,2021-01-23,xnat:ctSessionData,COLI_HSP88_CT_3,2023-07-13 04:06:38.751,/data/experiments/SNIPR02_E09043
SNIPR02_E09044,SNIPR02_E09044,COLI,2021-09-27,xnat:ctSessionData,COLI_HSP134_CT_3,2023-07-13 04:31:29.181,/data/experiments/SNIPR02_E09044
SNIPR02_E09045,SNIPR02_E09045,COLI,2021-09-24,xnat:ctSessionData,COLI_HSP134_CT_1,2023-07-13 04:39:34.659,/data/experiments/SNIPR02_E09045
SNIPR02_E09046,SNIPR02_E09046,COLI,2021-09-25,xnat:ctSessionData,COLI_HSP134_CT_2,2023-07-13 04:40:47.267,/data/experiments/SNIPR02_E09046
SNIPR02_E09047,SNIPR02_E09047,COLI,2021-10-08,xnat:ctSessionData,COLI_HSP137_CT_2,2023-07-13 05:12:57.292,/data/experiments/SNIPR02_E09047
SNIPR02_E09048,SNIPR02_E09048,COLI,2021-12-01,xnat:ctSessionData,COLI_HSP142_CT_2,2023-07-13 05:16:21.803,/data/experiments/SNIPR02_E09048
SNIPR02_E09049,SNIPR02_E09049,COLI,2021-12-03,xnat:ctSessionData,COLI_HSP142_CT_3,2023-07-13 05:17:49.923,/data/experiments/SNIPR02_E09049
SNIPR02_E09050,SNIPR02_E09050,COLI,2021-10-07,xnat:ctSessionData,COLI_HSP137_CT_1,2023-07-13 05:20:15.732,/data/experiments/SNIPR02_E09050
SNIPR02_E09051,SNIPR02_E09051,COLI,2022-01-02,xnat:ctSessionData,COLI_HSP144_CT_2,2023-07-13 05:27:16.518,/data/experiments/SNIPR02_E09051
SNIPR02_E09052,SNIPR02_E09052,COLI,2022-01-04,xnat:ctSessionData,COLI_HSP144_CT_3,2023-07-13 05:28:26.983,/data/experiments/SNIPR02_E09052
SNIPR02_E09053,SNIPR02_E09053,COLI,2021-11-30,xnat:ctSessionData,COLI_HSP142_CT_1,2023-07-13 05:36:49.68,/data/experiments/SNIPR02_E09053
SNIPR02_E09054,SNIPR02_E09054,COLI,2022-01-01,xnat:ctSessionData,COLI_HSP144_CT_1,2023-07-13 05:45:32.387,/data/experiments/SNIPR02_E09054
SNIPR02_E09055,SNIPR02_E09055,COLI,2022-04-05,xnat:ctSessionData,COLI_HSP158_CT_3,2023-07-13 05:48:46.904,/data/experiments/SNIPR02_E09055
SNIPR02_E09056,SNIPR02_E09056,COLI,2022-05-02,xnat:ctSessionData,COLI_HSP162_CT_3,2023-07-13 05:54:07.752,/data/experiments/SNIPR02_E09056
SNIPR02_E09057,SNIPR02_E09057,COLI,2022-05-09,xnat:ctSessionData,COLI_HSP163_CT_3,2023-07-13 05:58:40.775,/data/experiments/SNIPR02_E09057
SNIPR02_E09058,SNIPR02_E09058,COLI,2022-04-30,xnat:ctSessionData,COLI_HSP162_CT_2,2023-07-13 05:58:48.007,/data/experiments/SNIPR02_E09058
SNIPR02_E09059,SNIPR02_E09059,COLI,2022-05-03,xnat:ctSessionData,COLI_HSP163_CT_1,2023-07-13 06:01:45.057,/data/experiments/SNIPR02_E09059
SNIPR02_E09060,SNIPR02_E09060,COLI,2022-04-28,xnat:ctSessionData,COLI_HSP160_CT_1,2023-07-13 06:06:47.375,/data/experiments/SNIPR02_E09060
SNIPR02_E09061,SNIPR02_E09061,COLI,2022-04-02,xnat:ctSessionData,COLI_HSP158_CT_1,2023-07-13 06:07:06.7,/data/experiments/SNIPR02_E09061
SNIPR02_E09062,SNIPR02_E09062,COLI,2022-05-01,xnat:ctSessionData,COLI_HSP160_CT_3,2023-07-13 06:15:29.053,/data/experiments/SNIPR02_E09062
SNIPR02_E09063,SNIPR02_E09063,COLI,2022-04-03,xnat:ctSessionData,COLI_HSP158_CT_2,2023-07-13 06:15:53.212,/data/experiments/SNIPR02_E09063
SNIPR02_E09064,SNIPR02_E09064,COLI,2022-04-29,xnat:ctSessionData,COLI_HSP162_CT_1,2023-07-13 06:18:48.689,/data/experiments/SNIPR02_E09064
SNIPR02_E09065,SNIPR02_E09065,COLI,2022-03-08,xnat:ctSessionData,COLI_HSP155_CT_2,2023-07-13 06:19:57.237,/data/experiments/SNIPR02_E09065
SNIPR02_E09066,SNIPR02_E09066,COLI,2022-04-29,xnat:ctSessionData,COLI_HSP160_CT_2,2023-07-13 06:21:56.172,/data/experiments/SNIPR02_E09066
SNIPR02_E09067,SNIPR02_E09067,COLI,2022-05-04,xnat:ctSessionData,COLI_HSP163_CT_2,2023-07-13 06:22:40.464,/data/experiments/SNIPR02_E09067
SNIPR02_E09068,SNIPR02_E09068,COLI,2022-03-07,xnat:ctSessionData,COLI_HSP155_CT_1,2023-07-13 06:23:47.785,/data/experiments/SNIPR02_E09068
SNIPR02_E09069,SNIPR02_E09069,COLI,2021-01-27,xnat:ctSessionData,COLI_HM17_CT_1,2023-07-13 08:47:48.919,/data/experiments/SNIPR02_E09069
SNIPR02_E09070,SNIPR02_E09070,COLI,2021-05-09,xnat:ctSessionData,COLI_HM38_CT_1,2023-07-13 08:52:54.789,/data/experiments/SNIPR02_E09070
SNIPR02_E09071,SNIPR02_E09071,COLI,2021-05-09,xnat:ctSessionData,COLI_HM38_CT_2,2023-07-13 08:53:23.8,/data/experiments/SNIPR02_E09071
SNIPR02_E09072,SNIPR02_E09072,COLI,2021-01-28,xnat:ctSessionData,COLI_HM17_CT_2,2023-07-13 09:00:05.863,/data/experiments/SNIPR02_E09072
SNIPR02_E09073,SNIPR02_E09073,COLI,2020-09-18,xnat:ctSessionData,COLI_HM08_CT_0,2023-07-13 09:27:57.297,/data/experiments/SNIPR02_E09073
SNIPR02_E09074,SNIPR02_E09074,COLI,2021-02-12,xnat:ctSessionData,COLI_HM21_CT_0,2023-07-13 09:44:34.751,/data/experiments/SNIPR02_E09074
SNIPR02_E09075,SNIPR02_E09075,COLI,2021-02-05,xnat:ctSessionData,COLI_HM20_CT_0,2023-07-13 09:44:56.919,/data/experiments/SNIPR02_E09075
SNIPR02_E09076,SNIPR02_E09076,COLI,2021-01-07,xnat:ctSessionData,COLI_HLP18_CT_4,2023-07-13 09:45:29.213,/data/experiments/SNIPR02_E09076
SNIPR02_E09097,SNIPR02_E09097,COLI,2021-06-25,xnat:ctSessionData,COLI_HSP124_CT_2,2023-07-14 06:58:03.576,/data/experiments/SNIPR02_E09097
SNIPR02_E09098,SNIPR02_E09098,COLI,2021-01-17,xnat:ctSessionData,COLI_HSP88_CT_1,2023-07-14 07:00:31.37,/data/experiments/SNIPR02_E09098
SNIPR02_E14665,SNIPR02_E14665,COLI,,xnat:ctSessionData,brainsuiteorgusclobesatlas,2024-10-31 14:55:32.164,/data/experiments/SNIPR02_E14665
SNIPR10_E01079,SNIPR10_E01079,COLI,2020-07-08,xnat:ctSessionData,COLI_HLP01_CT_ATUL_MASK_12,2026-01-18 13:57:09.252,/data/experiments/SNIPR10_E01079
SNIPR10_E01082,SNIPR10_E01082,COLI,2020-07-08,xnat:ctSessionData,COLI_HLP01_CT_MASK_VENTRICLE_ATUL,2026-01-20 12:01:21.124,/data/experiments/SNIPR10_E01082
SNIPR10_E01083,SNIPR10_E01083,COLI,2020-07-08,xnat:ctSessionData,COLI_HLP01_CT_TEST_ATUL_SESSION,2026-01-20 14:32:16.436,/data/experiments/SNIPR10_E01083
